1.140603334288181614e+00,7.442583605276108516e-01,-3.642116755684944585e-02,1.110027502912628972e+00
1.140390803534471198e+00,7.466643367962484401e-01,-5.063007840580241448e-02,1.108609009947959301e+00
1.144053591735293862e+00,7.494159829177757803e-01,-3.914727288894269408e-02,1.123612257890556965e+00
1.140736995388884178e+00,7.520937271413453695e-01,-3.001341616741790355e-02,1.123728517174128916e+00
1.200217131400855841e+00,6.739182657424123146e-01,-5.304054805528575500e-02,1.061281183406873163e+00
1.195113321814723850e+00,6.643429485428890002e-01,-5.204727158804051818e-02,1.071048781884851753e+00
1.189555725872339931e+00,6.580766112596272421e-01,-4.487163059379718072e-02,1.064994232368986493e+00
1.200168665419929948e+00,6.541351273433200220e-01,-4.614525310973967981e-02,1.073576468821308749e+00
1.209204255199168854e+00,6.555797494260698910e-01,-4.014135140125851126e-02,1.073236351420600254e+00
1.209506088048157402e+00,6.510535391565626107e-01,-3.988201345952587656e-02,1.070144171625730278e+00
1.207788014805806664e+00,6.514939124529356418e-01,-3.310273954390571122e-02,1.076590905455313774e+00
1.205310668813482256e+00,6.438658267223763554e-01,-3.134063436007973602e-02,1.066636157908874560e+00
1.222287536661913476e+00,6.785994330415767717e-01,-6.450428777827160731e-02,1.073995351439313239e+00
1.224293594697741572e+00,6.704121593223884013e-01,-6.592288224999655333e-02,1.083124650788224619e+00
1.168677798179560190e+00,6.243341592406784768e-01,-4.663329408922910202e-02,1.065778389596437892e+00
1.175210961660669406e+00,6.167205753839591909e-01,-5.314650620250274682e-02,1.072990177377089571e+00
1.161456351848630053e+00,6.030863509305801617e-01,-5.130372942511057799e-02,1.084004672526085455e+00
1.177066094379614514e+00,5.818495945173129957e-01,-6.424215763253017519e-02,1.043019054300089898e+00
1.172676051141288145e+00,5.756586169838404654e-01,-6.491351428580194316e-02,1.043648592660985974e+00
1.174500916747767132e+00,5.809308180697343449e-01,-6.796276820885628622e-02,1.048133761883736303e+00
1.176692370483382710e+00,5.799122803537155590e-01,-7.102073501408184830e-02,1.051014269359792142e+00
1.186429354470120101e+00,5.871376822345291124e-01,-7.209035364841767657e-02,1.047625355993359486e+00
1.192051632165476160e+00,5.934898865283914082e-01,-6.585268155100411358e-02,1.044978660047609642e+00
1.232037455768762779e+00,6.283612252450055946e-01,-7.971333429687266214e-02,1.094593290823222320e+00
1.224954562170668115e+00,6.238349463925833005e-01,-7.521330081568877723e-02,1.103395893297963726e+00
1.235294452062626114e+00,6.258161611461438012e-01,-7.482571166644517990e-02,1.110547027084527461e+00
1.239911790535756397e+00,6.275639947998192802e-01,-8.011340795440002882e-02,1.118219018195180547e+00
1.237230334856682878e+00,6.186429962497169699e-01,-7.707820803299206269e-02,1.120040236462594985e+00
1.239050059191292963e+00,6.225747918075332787e-01,-8.144060297622378319e-02,1.126304651289977032e+00
1.239553985849934259e+00,6.254291343138431714e-01,-9.196251943963480724e-02,1.120108822558776307e+00
1.234875674317853722e+00,6.286151474889551949e-01,-9.581705006844440375e-02,1.117392373281827389e+00
1.239205416587500164e+00,6.263202358289321481e-01,-9.921012002313424338e-02,1.118995688116979803e+00
1.210154404505676462e+00,6.489595237416112550e-01,-4.671649578054805352e-02,1.113361713969362343e+00
1.310024452403482531e+00,6.752264138215167133e-01,-2.220103228458380346e-02,1.098641238825234678e+00
1.324501881190101260e+00,6.808780397334887047e-01,-3.147619327461399774e-02,1.089413974369381588e+00
1.322743721313816012e+00,6.815091382262354891e-01,-4.427367801802702119e-02,1.080957462225927257e+00
1.324258470536780807e+00,6.851816294998962498e-01,-4.909440173046068084e-02,1.073750570902281654e+00
1.356568806733587484e+00,7.274038255289804189e-01,-4.789372519514564081e-02,1.139082900223362893e+00
1.355853205486297508e+00,7.290576127006593854e-01,-4.199414080093647611e-02,1.141229399326886051e+00
1.345827797792253255e+00,7.249767613089116436e-01,-4.457856834065173496e-02,1.139625254828450007e+00
1.346979359221097683e+00,7.302541203282492122e-01,-4.632320853084082729e-02,1.144109920832142135e+00
1.345947296412962624e+00,7.346423847408432017e-01,-3.895768559888529436e-02,1.141402069964228660e+00
1.348940768278193536e+00,7.364683711717961989e-01,-3.595692944636454808e-02,1.161229723586671758e+00
1.391558670425990796e+00,7.061846397569839784e-01,2.119689931969032798e-02,1.141214169651694643e+00
1.387313321790693443e+00,7.041149593780419158e-01,1.076836961844713191e-02,1.145928232950232939e+00
1.357572475601484419e+00,6.905848360604999181e-01,2.968846835919566191e-02,1.165465662402132674e+00
1.372660170859620221e+00,6.971525693341139585e-01,5.597192252130885753e-02,1.175981412528431136e+00
1.404769708592785271e+00,6.839069290690652503e-01,4.990004397307621492e-02,1.107042742456991302e+00
1.408802509654679236e+00,6.913038265558684170e-01,4.786461479263078023e-02,1.106292291381050230e+00
1.415039137762323485e+00,6.935252925125301449e-01,3.743983165833112553e-02,1.098818945048727125e+00
1.459865007837817030e+00,7.071414740301812385e-01,4.238673149857260375e-02,1.160494981099796208e+00
1.469072795157888356e+00,7.084273285001863041e-01,5.085127970591278579e-02,1.150843213041068847e+00
1.430521417787462335e+00,7.732844059674149895e-01,6.560341546619492814e-02,1.135117402826231636e+00
1.430890388898680143e+00,7.680113952825932122e-01,4.921059537806799639e-02,1.141499278720799593e+00
1.494409159130574150e+00,7.280471420482185207e-01,5.814399772243365044e-02,1.159475185037435629e+00
1.489641679642142114e+00,7.344185262838632822e-01,7.550637998463452516e-02,1.169193371068117937e+00
1.496103594616733368e+00,7.336205304519413106e-01,6.794632045682871824e-02,1.166444033747800813e+00
1.507210719774798591e+00,7.405285279166023971e-01,6.918050310092757615e-02,1.175920420366490360e+00
1.514408202836462047e+00,7.395607184946155765e-01,6.511971390953209815e-02,1.172898869078886186e+00
1.515658735530828860e+00,7.299360708654695218e-01,6.603435270863405870e-02,1.170893227394377734e+00
1.514387578100487630e+00,7.385973051636319786e-01,5.746513286636764639e-02,1.167395527802057797e+00
1.502706110365461312e+00,7.313901880158699687e-01,6.376334095575773853e-02,1.180526294312064239e+00
1.503143107295724645e+00,7.315196466878191028e-01,7.375448866201937681e-02,1.181668577499958239e+00
1.501470352251149221e+00,7.304951772661364418e-01,6.786599659282946395e-02,1.177766560401754425e+00
1.446067371677622226e+00,7.133418362142641689e-01,9.717819430351942733e-02,1.222526691383492459e+00
1.457764015946417135e+00,7.099534725587559603e-01,9.292553162651329135e-02,1.216211761574849559e+00
1.464108866138384313e+00,7.056632813846976937e-01,9.922149448953050677e-02,1.219082756720132332e+00
1.460585748918448168e+00,7.044918153184260845e-01,1.068907300902366408e-01,1.229142730208521384e+00
1.467633448141411501e+00,7.089778625820315483e-01,1.084598884111278444e-01,1.219353357392713333e+00
1.464456698312464500e+00,7.088712837556973012e-01,1.217776953048336497e-01,1.215884966093547126e+00
1.456079005894591827e+00,7.022581549469156803e-01,1.039058506209334098e-01,1.205920263233190237e+00
1.448732883173080577e+00,6.920392441277654072e-01,1.151457305078678606e-01,1.212040518283728163e+00
1.452672664280256765e+00,6.994622538217433183e-01,1.172746702757522241e-01,1.199623849340973214e+00
1.457067267782665043e+00,6.920109306287289819e-01,1.203756502200983430e-01,1.205953879198443435e+00
1.457802691674451756e+00,6.886537554340965706e-01,1.162796051377574247e-01,1.193245643080393270e+00
1.454363983524714854e+00,6.729425279907115254e-01,1.164417051090687050e-01,1.187664720491279802e+00
1.448922203354010563e+00,6.698612049354867315e-01,1.365139104374412937e-01,1.201029908035692095e+00
1.450091812636778776e+00,6.595093263561011554e-01,1.395414544218216979e-01,1.194610955333380353e+00
1.457731510306518707e+00,6.626562833470798219e-01,1.385423437940968561e-01,1.205853141448296695e+00
1.456235985441654668e+00,6.560925587348274135e-01,1.334592861758230053e-01,1.206627462507977810e+00
1.452105316337251484e+00,6.633385056403110491e-01,1.472913829338328706e-01,1.211153152557481461e+00
1.453202510639689304e+00,6.576250939503005544e-01,1.376668328383891526e-01,1.207348451284949498e+00
1.450596675579843842e+00,6.690876837417009115e-01,1.472788473185411284e-01,1.202048081974544713e+00
1.457894926324669216e+00,6.766265822606568614e-01,1.442296833489193353e-01,1.189074679262082546e+00
1.458794668051765386e+00,6.748515423381300504e-01,1.450069481707158547e-01,1.183916719240553528e+00
1.442698588028150652e+00,6.543888260404114865e-01,1.829856893093284587e-01,1.192740936960738685e+00
1.438352268342862228e+00,6.557954665548826334e-01,2.437697435294766679e-01,1.201316346330221441e+00
1.502442218966502763e+00,6.330631219335476345e-01,2.732893629248346890e-01,1.229111597621086238e+00
1.488279657907957354e+00,6.224710951865652930e-01,2.528805642857230862e-01,1.227843640345307685e+00
1.488893678131463005e+00,6.153835100724843743e-01,2.497723683597004307e-01,1.217383643858964914e+00
1.480914597875340410e+00,6.247118016995966139e-01,2.485299015577417114e-01,1.214182254865708632e+00
1.480919574414202522e+00,6.354483334723491916e-01,2.682477259254661961e-01,1.222336205162771972e+00
1.562307973271221062e+00,6.559060778232644884e-01,2.632410067809064502e-01,1.162719626344150603e+00
1.548960573035714328e+00,6.661254866978274514e-01,2.615585718597126519e-01,1.183233805539789296e+00
1.538652436259893452e+00,6.617145737481233692e-01,2.625871205876900705e-01,1.174628714932111739e+00
1.537777572098543821e+00,6.585200767847684267e-01,2.485950233132263321e-01,1.162471610684348455e+00
1.537424248965359563e+00,6.545794247997986925e-01,2.494379426203933436e-01,1.163361917034192228e+00
1.541898081350368432e+00,6.626565094689407243e-01,2.416352350973782204e-01,1.170158200815968330e+00
1.544187345913497156e+00,6.667545686173629305e-01,2.255981544421082619e-01,1.158124856194554297e+00
1.530985761399386691e+00,6.553376032557819419e-01,2.171691366611619989e-01,1.157924551946978298e+00
1.511350274809055483e+00,6.669961108743348577e-01,2.657518765007443329e-01,1.155614826066734491e+00
1.504518293331139178e+00,6.647990575589496354e-01,2.548199585936937739e-01,1.143014673590889263e+00
1.539000629199233305e+00,6.293749413064655407e-01,2.334061220481153109e-01,1.106252508747483265e+00
1.551441040234765589e+00,6.387580388315844404e-01,2.282356491918926256e-01,1.108762724447586168e+00
1.537822358482121565e+00,6.343843475438164514e-01,2.242392635437013559e-01,1.096110221069074520e+00
1.533850909264878881e+00,6.407433276593242910e-01,2.092852608890822530e-01,1.093789084799357658e+00
1.536197290064511556e+00,6.359924330264591363e-01,2.085952480365990958e-01,1.090711921616493107e+00
1.531450050022862719e+00,6.914714362164601225e-01,1.565113562765333421e-01,1.188825371787077145e+00
1.486476988560020862e+00,7.106993306399738142e-01,1.674744179367914088e-01,1.170491365782444504e+00
1.477138384336261545e+00,6.930467265866651072e-01,1.475641503079217487e-01,1.167239510339376896e+00
1.484067931128263629e+00,6.943841034902242804e-01,1.449585008201666747e-01,1.177476843470163681e+00
1.483574344418017832e+00,6.952441549462227144e-01,1.503798133438356555e-01,1.190478869408636342e+00
1.486866150359948069e+00,6.966796580979548459e-01,1.507434688403540834e-01,1.193717073466574519e+00
1.475699396672347063e+00,7.012430725737195392e-01,1.489706593462436224e-01,1.191140503668809192e+00
1.479332971278418674e+00,7.076804875975734044e-01,1.346124829808282575e-01,1.170014609904980185e+00
1.483151291306767039e+00,7.034998962811517265e-01,1.519443845912495650e-01,1.173573154748818403e+00
1.478695568241998881e+00,7.042188763653343120e-01,1.543421807944783952e-01,1.184637020189197809e+00
1.480366126350085798e+00,7.042605203342250375e-01,1.653375852530102608e-01,1.197109479928743170e+00
1.480386022798803269e+00,7.063476326767432756e-01,1.548553735634587980e-01,1.199803304144811067e+00
1.438032926909070142e+00,7.196480628052253081e-01,1.216859317764546894e-01,1.207237111939919227e+00
1.426388736662021151e+00,7.178198424225218366e-01,1.260509843543198560e-01,1.213373003139956774e+00
1.427164071511867860e+00,7.165649233671931295e-01,1.363140310322552007e-01,1.224375760663769741e+00
1.422275759583062626e+00,7.172200548450162749e-01,1.257672378567900873e-01,1.221456736985290004e+00
1.428376247595040560e+00,7.186455242633557061e-01,1.960224793688824796e-01,1.212037271613932043e+00
1.473828501981556682e+00,6.289043058356182936e-01,1.973235057554684202e-01,1.201423032478863284e+00
1.468074989592409452e+00,6.284360478058085286e-01,2.025396956042824215e-01,1.212657148208561075e+00
1.473928615685400345e+00,6.232248253423025020e-01,2.112446204551273743e-01,1.226255787323644819e+00
1.471762772423827359e+00,6.244652964147395791e-01,1.984405084705239686e-01,1.221182831147417991e+00
1.467953633748741993e+00,6.305360925956156048e-01,2.033063189121359915e-01,1.215021547612810338e+00
1.465491959261235655e+00,6.358740972440725114e-01,2.120622554644581437e-01,1.209945889877820591e+00
1.461294573806323216e+00,6.427436186970004739e-01,2.199638310291241738e-01,1.203847657244332847e+00
1.457540458075269996e+00,6.450580664720166890e-01,1.999847148202855973e-01,1.198512202716857988e+00
1.448812597554554715e+00,6.326672492736572506e-01,1.900086704542506555e-01,1.184237397116583823e+00
1.450038295761127971e+00,6.369252545307232394e-01,2.041104688530303024e-01,1.191250046102218185e+00
1.443093247246951982e+00,6.286414006301569435e-01,1.984327858372812170e-01,1.181118590945033686e+00
1.442056431843485198e+00,6.293374752643392522e-01,1.832388038003585629e-01,1.178023695790424874e+00
1.451029202126365769e+00,6.307771290650523444e-01,2.271461953031706227e-01,1.177746686601837789e+00
1.503869889028909057e+00,5.783789164602676225e-01,3.245958538575008934e-01,1.191539111144490182e+00
1.507190617941188249e+00,5.778311822965680467e-01,3.246040813995819674e-01,1.194199830083079394e+00
1.508260988665170332e+00,5.787532973650775237e-01,3.120382998294629617e-01,1.188989572119220961e+00
1.503653239084135951e+00,5.821407729167512590e-01,3.283360681317470942e-01,1.191749022819132753e+00
1.511976343281893564e+00,5.970763243424679345e-01,3.143584722302824597e-01,1.171457862944935480e+00
1.506486173941827156e+00,5.909888717057214524e-01,3.142850210915445475e-01,1.175692234758074939e+00
1.508876220426987880e+00,5.928991050605196822e-01,3.101126091407753749e-01,1.165021845744295126e+00
1.497110109044688775e+00,5.904648086012722619e-01,2.931315561364623568e-01,1.162752061275689419e+00
1.498789236234630007e+00,5.950873822130142710e-01,3.045511148056254669e-01,1.169249141574319140e+00
1.491053247590130137e+00,5.865160274701654020e-01,2.981490587644128887e-01,1.166431850584790597e+00
1.491109210235785465e+00,5.865907551015261401e-01,3.096810716129334562e-01,1.168672633834896502e+00
1.493871003028014233e+00,5.937878039485297021e-01,3.167331941778321336e-01,1.174822823684595008e+00
1.464511529403321743e+00,6.835179394587503898e-01,2.628365414065747530e-01,1.190807240148368695e+00
1.544326181049552549e+00,6.141396617089693866e-01,2.815751030440595826e-01,1.157920205741912900e+00
1.549230893732476799e+00,6.084577302172369251e-01,2.703333243424717036e-01,1.148595774366092170e+00
1.551286936456565124e+00,6.247973161100687234e-01,2.731830802458052876e-01,1.149064203704366127e+00
1.622443362913259524e+00,6.464921179055880263e-01,2.981984260280484134e-01,1.213527584664898962e+00
1.616021024639217263e+00,6.440647711279926524e-01,3.120983302465470954e-01,1.204994515700554381e+00
1.624903858049621341e+00,6.417060448187664745e-01,2.985574475193978894e-01,1.129338516381534596e+00
1.613721122806817121e+00,6.412582572477522058e-01,3.073947896959055570e-01,1.123189126454696485e+00
1.619091353610451867e+00,6.529721221894355665e-01,3.146744375604857979e-01,1.130232229286788792e+00
1.679906250985829130e+00,6.925850682394616431e-01,2.768137331385342459e-01,1.101038079626191379e+00
1.677424051274863936e+00,7.004869121175535396e-01,2.660501818779814065e-01,1.100102539760398956e+00
1.703029476236932682e+00,6.592986728085944437e-01,2.360396733372939204e-01,1.099297757290467858e+00
1.700998719170723206e+00,6.613199789552470786e-01,2.511950255736480342e-01,1.107958287208142600e+00
1.690156376789990533e+00,6.618309645478948067e-01,2.555848863591708153e-01,1.111206608437865340e+00
1.685281346589268203e+00,6.690050582678254143e-01,2.609302552378518492e-01,1.106092536866530640e+00
1.685682682404348931e+00,6.788312689847392223e-01,2.463707367273248183e-01,1.124149628146817070e+00
1.681862386997357905e+00,6.487455881283915593e-01,2.632759486098257828e-01,1.125476902942738722e+00
1.674646809973679096e+00,6.502206644763568466e-01,2.419904660436738575e-01,1.131275923067212030e+00
1.676055072213111563e+00,6.576479262424705929e-01,2.676371872485179271e-01,1.135098918018936587e+00
1.685058978236227301e+00,6.942035448637451367e-01,3.202193250670630209e-01,1.157221740608638694e+00
1.692196949521338478e+00,6.997256731901239091e-01,3.247371503899997847e-01,1.157156637027742407e+00
1.700669336201223514e+00,7.045140197509592861e-01,3.165667937621273742e-01,1.165267564402089562e+00
1.689599747095497762e+00,7.071338623843442805e-01,3.142771951961289556e-01,1.163397301392228300e+00
1.689542121567424893e+00,7.106123851664811752e-01,3.138258997130017880e-01,1.154815207506615371e+00
1.698661145793575411e+00,7.147824785791204727e-01,3.158126959489526708e-01,1.157283774602691162e+00
1.698109143438745416e+00,7.104196522486612153e-01,3.231805155681720110e-01,1.152581008238164006e+00
1.700892787204798973e+00,7.177200456264957174e-01,3.140202962736045600e-01,1.158439781698374249e+00
1.703434361770242544e+00,7.195693717553464097e-01,3.208887301563168593e-01,1.158276421111297028e+00
1.697528458847196164e+00,7.149271376145702739e-01,3.163218368535745117e-01,1.158581534051261519e+00
1.700995680380209762e+00,7.191150736826267265e-01,3.141736126646622607e-01,1.161397292010407201e+00
1.726988483652649675e+00,7.366712727264057570e-01,3.129322842376034419e-01,1.154826632201199521e+00
1.717349502048796772e+00,7.380429206296305056e-01,3.134364018222142723e-01,1.153199220137621772e+00
1.654872722954783937e+00,6.069037142397942786e-01,3.131047901596930583e-01,1.139910596272804222e+00
1.661156253964287233e+00,6.123580016366478862e-01,3.137230160881075980e-01,1.137947265163021360e+00
1.650298452926990178e+00,6.096827253437989702e-01,3.281254983600814801e-01,1.156398536635241614e+00
1.704396886976336623e+00,5.869154537999089483e-01,2.987149677817058646e-01,1.171594528051954631e+00
1.709002140390544655e+00,5.828756791502929246e-01,3.065768885103500319e-01,1.174808302226277634e+00
1.712300620573744991e+00,6.024353060784899405e-01,2.839452070046667997e-01,1.164276181141683297e+00
1.712992958886098815e+00,6.041732416064327094e-01,2.919358274346767756e-01,1.179944843740366789e+00
1.714896654747617655e+00,6.085965450335161231e-01,2.720113125909051632e-01,1.180944670423129450e+00
1.704598765075676425e+00,6.106209636380776073e-01,2.729400646916979034e-01,1.177993371258005517e+00
1.650131524589999898e+00,6.747050095514948165e-01,2.780236196441953078e-01,1.271360918143222385e+00
1.663068455338625462e+00,6.845893048231094236e-01,2.927801060581798898e-01,1.291173514342507156e+00
1.665729315609483674e+00,6.986612964009588644e-01,2.968750295456101251e-01,1.279888229744472472e+00
1.658334374347743445e+00,6.946660823538520768e-01,2.812409806011147984e-01,1.268225324645252616e+00
1.664479694644177554e+00,6.216511316297484990e-01,3.193114844755312043e-01,1.227907057498311305e+00
1.665361217076874345e+00,6.280295598486606012e-01,3.184835028755112485e-01,1.230580643941743046e+00
1.664571788178845990e+00,6.179075106095214265e-01,3.174999838166913668e-01,1.223569675233641574e+00
1.661922499006345699e+00,6.304539883070723327e-01,3.312536780238339862e-01,1.229809411227336113e+00
1.654986570415894809e+00,6.310449921398163520e-01,3.136600887184696762e-01,1.212980720517102373e+00
1.660077864728615404e+00,6.322922435593051338e-01,3.214019710941299901e-01,1.231336356678688349e+00
1.669375426025528908e+00,6.335480316400529111e-01,3.246042501956705184e-01,1.237988170950456768e+00
1.658462367736905252e+00,6.301242057579045097e-01,3.432930774637187876e-01,1.248403665055481726e+00
1.601189021463025774e+00,5.585206856497682004e-01,3.200228477872464339e-01,1.195134243613166003e+00
1.607678336244974915e+00,5.614954244195490274e-01,3.149334161428158363e-01,1.203354442560491178e+00
1.614194153246305552e+00,5.637101086565156072e-01,3.321284712144563223e-01,1.210381930548377394e+00
1.614889358327228130e+00,5.570365768836120779e-01,3.332109387828413594e-01,1.210644684595442611e+00
1.608901875110723134e+00,5.591863661672653585e-01,3.365527386613546001e-01,1.204224792357788454e+00
1.614954882923632651e+00,5.632719478918909450e-01,3.366208222203471712e-01,1.210225718287997854e+00
1.608516723081298228e+00,5.712947128040980482e-01,3.312981362721105216e-01,1.211832980785387814e+00
1.600990185031613944e+00,5.641874911312247942e-01,3.232633146151111525e-01,1.210365379906924721e+00
1.583294611099671956e+00,5.556293932758673559e-01,3.410831455511985078e-01,1.206764811025067718e+00
1.548979047997479652e+00,5.583467088276846679e-01,3.105115022084372622e-01,1.161373113869632601e+00
1.573597495186413342e+00,5.849337047688324409e-01,3.409984619368219838e-01,1.194592047681122038e+00
1.563630328962577698e+00,5.721790518972880157e-01,3.273632557599676085e-01,1.176803682397173478e+00
1.543934380796322614e+00,5.703175506395781191e-01,3.277482347902917481e-01,1.219675565693236763e+00
1.533515867069539684e+00,5.591011096244795642e-01,3.202166982256055006e-01,1.202327838866765530e+00
1.513232602327045928e+00,5.658802411386558706e-01,3.161982026035106697e-01,1.211363706816994013e+00
1.512986635001161151e+00,5.625857715388209446e-01,3.144868457930590222e-01,1.213248867073261072e+00
1.522809123552185007e+00,5.636810787907901021e-01,3.241021180795988221e-01,1.204721373784815031e+00
1.505161487534463882e+00,5.610133638105526677e-01,3.301745705752749394e-01,1.216518206226747223e+00
1.518075009473250025e+00,5.579188585132304201e-01,3.315997425087555128e-01,1.207868380919608242e+00
1.508854484554819964e+00,5.538906511782650810e-01,3.220272632505055688e-01,1.210713441656474210e+00
1.510757726814409452e+00,5.571034954893131497e-01,3.412214669602339767e-01,1.193852976127818044e+00
1.446472721553728746e+00,5.371549422068001567e-01,3.152810447748609635e-01,1.220513480992037492e+00
1.444430497201661279e+00,5.347612417523387451e-01,3.347574244212834227e-01,1.228942917016226488e+00
1.479826861834685037e+00,5.660403712688081290e-01,3.809475835222863038e-01,1.206772946376873490e+00
1.428290537451655684e+00,5.957534521582992237e-01,3.719089793066920335e-01,1.183827618065899090e+00
1.421821871681576921e+00,5.872383628866568728e-01,3.671735226302912380e-01,1.191368000045312181e+00
1.417990217107440998e+00,5.745415297411416988e-01,3.977237122894867749e-01,1.193662214388513609e+00
1.411266150500902983e+00,5.681306145299325205e-01,4.007161927213143127e-01,1.193740753792152498e+00
1.409597850682375864e+00,5.614737556602676927e-01,4.129111802699196865e-01,1.199493838106047816e+00
1.441565127372785415e+00,5.458449627187416109e-01,4.077215506333369821e-01,1.223609324504121743e+00
1.442419778882291670e+00,5.443438145965721064e-01,4.106758705706597401e-01,1.226978866286425829e+00
1.449496950748403679e+00,5.496183824221912984e-01,4.113497189615457628e-01,1.228399796904805275e+00
1.433141318329957059e+00,5.553006107355389354e-01,3.751283355722641044e-01,1.219408008058604942e+00
1.485382788903707896e+00,5.714095238558375422e-01,3.489260567219928943e-01,1.147460931479627577e+00
1.476565395408466319e+00,5.612860978282624425e-01,3.538610878495045964e-01,1.153392862257309526e+00
1.479368891211079617e+00,5.613906854359458354e-01,3.398459947133826708e-01,1.155600095232311109e+00
1.491734711426981219e+00,5.577921431907006955e-01,3.399356500721446017e-01,1.157643539143294653e+00
1.495684977999980791e+00,5.498158784494435736e-01,3.342096843983177745e-01,1.153484595461425455e+00
1.437203470871339039e+00,5.208911689944563106e-01,2.772962469415179987e-01,1.185956623199401649e+00
1.433105874536562796e+00,4.833134502305601043e-01,3.157503636406492342e-01,1.170349503425633042e+00
1.431521647690933374e+00,5.022377674651461454e-01,3.163027791635936170e-01,1.181063729685578156e+00
1.433252917236520041e+00,5.069164346092989160e-01,3.081805983358069101e-01,1.177836056092485206e+00
1.438087884022847707e+00,5.118886425892515968e-01,3.167375178485352660e-01,1.195545501088506768e+00
1.425809413064889286e+00,5.096750317090876781e-01,3.070111765857851949e-01,1.186093294771356721e+00
1.429220582114946181e+00,5.012715606593519668e-01,3.013631184879587699e-01,1.166549644316049683e+00
1.424966423951772310e+00,5.032900368666610724e-01,3.072093294742044289e-01,1.168040870870840964e+00
1.413301049372323925e+00,4.972983815177077216e-01,2.947995663092323748e-01,1.167822835229244793e+00
1.410030247442883189e+00,5.008991881324207363e-01,2.747519191517643344e-01,1.151528642886940901e+00
1.415442815928306564e+00,4.971994864127883829e-01,2.894877627373835249e-01,1.155741011041116817e+00
1.407148521173118283e+00,5.027786896246584369e-01,2.799811271827799541e-01,1.144642219528682725e+00
1.414785172888547216e+00,5.053948269855648157e-01,2.907076162490291882e-01,1.150279655593459127e+00
1.423234319344698795e+00,4.934453781662753169e-01,2.963392070304646797e-01,1.169420741314303180e+00
1.382628227760745121e+00,4.306009796208787876e-01,2.898094483561395873e-01,1.145771827544754595e+00
1.378372495084600358e+00,4.419821247049128266e-01,2.850713991449522755e-01,1.147081947632818233e+00
1.368544451610151258e+00,4.338642943831637622e-01,2.677985525638583719e-01,1.146694172487100261e+00
1.359255958571619294e+00,4.395779839918937948e-01,2.841041978283298519e-01,1.150490986391384585e+00
1.342183340744885767e+00,4.332775932077555514e-01,2.905641532870631982e-01,1.162900737816648489e+00
1.352721021129453138e+00,4.335842327362296467e-01,2.828095661227100766e-01,1.156839027458711255e+00
1.347190111043568672e+00,4.342259673127354946e-01,2.936681756779261909e-01,1.152440386881031120e+00
1.343787800225617834e+00,4.371260876015035102e-01,3.038092345652934068e-01,1.161435243151759389e+00
1.349285274696814696e+00,4.378549872817618094e-01,3.033264300011509484e-01,1.158177097121660282e+00
1.339290909792816509e+00,4.251636535788995697e-01,2.985217629882692125e-01,1.171036613641923019e+00
1.342983302595018413e+00,4.252034844724956186e-01,3.178829093034614695e-01,1.174230899493542868e+00
1.345439938415956993e+00,4.266641793807464111e-01,3.182114026632205106e-01,1.173525167252514878e+00
1.342142547391143248e+00,4.366492925413482107e-01,3.177865508727352184e-01,1.176446023416362507e+00
1.337907973560641839e+00,4.363067214130221805e-01,3.240195846061256768e-01,1.179161714379672432e+00
1.337215359740272058e+00,4.290891282562271369e-01,3.103016087076386764e-01,1.173151760542012534e+00
1.316463666563721713e+00,3.985328183329679419e-01,2.967778489678236653e-01,1.158646676282665933e+00
1.314828898122119005e+00,4.038046575658006954e-01,2.938568232674603764e-01,1.160508355545013082e+00
1.314396272399322108e+00,3.989667726688407856e-01,2.988284033486592883e-01,1.152029231814580834e+00
1.311497390817368824e+00,3.865361344944123756e-01,2.967137606732673794e-01,1.161523291440830885e+00
1.315342100219644150e+00,3.868117433620361090e-01,2.912789972085991774e-01,1.156361703956700460e+00
1.314569916650322190e+00,3.779087963490390667e-01,2.839352143385831528e-01,1.156083037198060159e+00
1.320059675908920482e+00,3.770578569580746442e-01,2.857426351284527155e-01,1.146196450930726973e+00
1.312949853402374023e+00,3.760178879144133179e-01,2.702516192151079855e-01,1.146049421912942234e+00
1.309958792076918899e+00,3.416845027226996789e-01,3.104923061646789884e-01,1.143431624333339780e+00
1.262049701053116202e+00,4.102589664633202182e-01,2.923599996070613827e-01,1.075006886723313793e+00
1.265855233187513473e+00,4.107909850839562282e-01,2.928657064228082918e-01,1.057736131328353313e+00
1.257958036983483741e+00,3.980417457897796329e-01,3.079991343128648529e-01,1.074130714227775840e+00
1.260990388744775981e+00,4.014833152987686282e-01,3.011984631309533311e-01,1.078725942068043953e+00
1.259185271716121157e+00,4.022106865192793257e-01,2.996469780114071058e-01,1.064417005980431652e+00
1.264865413051455834e+00,4.018271822026399098e-01,3.095128288005959960e-01,1.058786911950966303e+00
1.271745326198434167e+00,4.047883463024193884e-01,3.050444482227566145e-01,1.056528893944473690e+00
1.271473973934050372e+00,4.041389717917849844e-01,3.078495251312788339e-01,1.044113053820355574e+00
1.303690106479728383e+00,4.103939461246864373e-01,3.180651721562975376e-01,1.048958655654242511e+00
1.309120637406984589e+00,4.099379573108253849e-01,3.253821724731942866e-01,1.052860735420271476e+00
1.308756329743543834e+00,4.134496116654320930e-01,3.327603497741510874e-01,1.053910365452018105e+00
1.285744332992843075e+00,4.198657788456782725e-01,3.828358298536950199e-01,1.036828700288290550e+00
1.225517449712302476e+00,5.263466203167581625e-01,3.335026945643287943e-01,1.061254811107532392e+00
1.216594840495015317e+00,5.195608555684727570e-01,3.286796962136764311e-01,1.059726827269591665e+00
1.220337656327486142e+00,5.246568803176430151e-01,3.390428448564324904e-01,1.057655613406271566e+00
1.219799052717384535e+00,5.286422888779864770e-01,3.340469424309652213e-01,1.069244282941507418e+00
1.215344081467707671e+00,5.213917377155848909e-01,3.444448243496822104e-01,1.073753645143526336e+00
1.217731910555448271e+00,5.230674256789440424e-01,3.409536974148481003e-01,1.076235747763077066e+00
1.205194015055158774e+00,5.194652198225958584e-01,3.335095800623879558e-01,1.074128120718771839e+00
1.206096051111066103e+00,5.250032862346746265e-01,3.399626137484601518e-01,1.081177665575931757e+00
1.206695311413021443e+00,5.204057973489061295e-01,3.306376551549921050e-01,1.063508140877862607e+00
1.208221594848741809e+00,5.245779494821509736e-01,3.327071280377508211e-01,1.067778784423387251e+00
1.201758010441725144e+00,5.213965160739076898e-01,3.307454096392424825e-01,1.063992642048080972e+00
1.201624529004967190e+00,5.266618956809534513e-01,3.265698879028579027e-01,1.061761191731977139e+00
1.221868968632804142e+00,5.274110938934475357e-01,2.889001860875530237e-01,1.031519476077944919e+00
1.229508846014964796e+00,5.275567277137295230e-01,2.868550855409812139e-01,1.021233276234439158e+00
1.228172166663936249e+00,5.335906293997442207e-01,2.905874759789186523e-01,1.028872820403057053e+00
1.217709000621171267e+00,5.221304983555865586e-01,2.943834101303816619e-01,1.033213344356829211e+00
1.223377390332093029e+00,5.320207080497829644e-01,2.892154319452243105e-01,1.030043107751590359e+00
1.223612889665100845e+00,5.310997662578041956e-01,2.764692578811333012e-01,1.016454721363079017e+00
1.223973741162519335e+00,5.291179924869674478e-01,2.679435496689942520e-01,1.019222560007061906e+00
1.227292405732553382e+00,5.280171363805085116e-01,2.781920789184584852e-01,1.028086756629905896e+00
1.221897481939604679e+00,5.265795733877488560e-01,2.665726512899413980e-01,1.020064000073576560e+00
1.214837805133988535e+00,5.259093196429583950e-01,2.587868204557209895e-01,1.001686578003360140e+00
1.215987690385993414e+00,5.324052653064340612e-01,2.518118019875691393e-01,1.013924707105601453e+00
1.215331783079329764e+00,5.349013725186164692e-01,2.503470851984975765e-01,1.011353206468338817e+00
1.178191499907921269e+00,5.573722188444244496e-01,2.390887361576639336e-01,1.104184173479969999e+00
1.139442449711342453e+00,5.362349995119148893e-01,2.683278311957315587e-01,1.154737976531421850e+00
1.147041545408730379e+00,5.319179787415537763e-01,2.675017048623055116e-01,1.163101432766346033e+00
1.143320948389149549e+00,5.271516825266878703e-01,2.713273326799070517e-01,1.158409271750079128e+00
1.179795643622047585e+00,5.853373159441355167e-01,3.202601878679448566e-01,1.211514090998993209e+00
1.186467913119655604e+00,5.923321509423039588e-01,3.073419784419019751e-01,1.271772999804125170e+00
1.183055294248934075e+00,5.866839076761505289e-01,3.149240286064158845e-01,1.269609850025439135e+00
1.179950042001448374e+00,5.855018001330016819e-01,3.078679255593394504e-01,1.267871258665115519e+00
1.175027607081981618e+00,5.820123796781692116e-01,2.984486366538426916e-01,1.256006577645544242e+00
1.184780596268480535e+00,5.815528925772237567e-01,2.981251314674336905e-01,1.250945490039138353e+00
1.174353165375527031e+00,5.742369446175604741e-01,2.886580748022842258e-01,1.244257498287062225e+00
1.169384836587680887e+00,5.721674049477505353e-01,2.885415362813970597e-01,1.249410286095978817e+00
1.178396590998826099e+00,5.744017298013681661e-01,2.937699884377468207e-01,1.248985617287027061e+00
1.224575662421663269e+00,5.635151678882146520e-01,2.038208349917068618e-01,1.230608787575562246e+00
1.227800909856602285e+00,5.678150081169757168e-01,2.021309355814476516e-01,1.245736186963944281e+00
1.238642903442399579e+00,5.744987227920874684e-01,2.000871991382395243e-01,1.224977616900037702e+00
1.238392816902463833e+00,5.722436109715582919e-01,2.020138739437695452e-01,1.217086290579166841e+00
1.233576166406746610e+00,5.753938585533984185e-01,2.055359926865790721e-01,1.210252456961429468e+00
1.233451201053891388e+00,5.748764009353600768e-01,2.023893964297510673e-01,1.211087646422444930e+00
1.244032295626447571e+00,5.776618299840898807e-01,2.157513681568561381e-01,1.206878171243061848e+00
1.241564442862698847e+00,5.817368617826589317e-01,2.208592072030639009e-01,1.226034218875821313e+00
1.240557504696363944e+00,5.875199927433870650e-01,2.113733367979687972e-01,1.222338284760956295e+00
1.234953575714400120e+00,5.873468143282488674e-01,2.064592420187248978e-01,1.221960079471680061e+00
1.234798332061075810e+00,5.921649517644033134e-01,1.988062817531737192e-01,1.220097799055355647e+00
1.254616542069526552e+00,6.073908304805534231e-01,1.984813471619172598e-01,1.251231397458071548e+00
1.262895435048154269e+00,6.132535613959265719e-01,1.951745384993003873e-01,1.250992904667861616e+00
1.267510574964410885e+00,6.095875961370350593e-01,1.975006750343194506e-01,1.266483675407741760e+00
1.266898459870774207e+00,6.220775312862608653e-01,1.998869825230517594e-01,1.259968802651973974e+00
1.272964157511994321e+00,6.205630465173948007e-01,2.083869565798265322e-01,1.273331294698182070e+00
1.265161882796736803e+00,6.243085060038675582e-01,2.071342499205299503e-01,1.272157323474093937e+00
1.243225430476803783e+00,5.371868497882261728e-01,2.284398252205809277e-01,1.283597379103377234e+00
1.245061660858775676e+00,5.345360997393544533e-01,2.299249935463387740e-01,1.282717402150065578e+00
1.238153882039782161e+00,5.629204061233175072e-01,2.060584015276680503e-01,1.300636138268811415e+00
1.250423980801831148e+00,5.970978317807692504e-01,1.906237214014815939e-01,1.265700100656164562e+00
1.245890017804726968e+00,6.092667769527838617e-01,1.849794595724267576e-01,1.264534688496856241e+00
1.215263537848641828e+00,5.567169844152851654e-01,1.069701627172987973e-01,1.286593298628832205e+00
1.218252502476760757e+00,5.496601330373233063e-01,1.075097990755436578e-01,1.298263262765051662e+00
1.270462658637411701e+00,6.142634883583624195e-01,1.021203286988827397e-01,1.343474499889237395e+00
1.279723036074886355e+00,6.111013612199533984e-01,1.049179820549047959e-01,1.355404369902067918e+00
1.273464018606182968e+00,6.160560924245427339e-01,1.012107724551414845e-01,1.361724652440995387e+00
1.232751450555497286e+00,6.091703182113681336e-01,1.011829385025037192e-01,1.343708248400024674e+00
1.234111392715397049e+00,6.202443531326563564e-01,9.786233028386423505e-02,1.339077439850584472e+00
1.227280689351443410e+00,6.180356054473659100e-01,1.073784091179195155e-01,1.342141975700285927e+00
1.225393538247112835e+00,6.097687649163059387e-01,9.235375801151855801e-02,1.341136537469536538e+00
1.236469670131893350e+00,6.118954784171471983e-01,1.016731206888012717e-01,1.344369254689621540e+00
1.244652460589174670e+00,5.999199523045949389e-01,1.317301432011203643e-01,1.344275961914181972e+00
1.236386590046328671e+00,5.924113455639941073e-01,1.295649638388108316e-01,1.340861587065241389e+00
1.233719867258750380e+00,5.620824624225989607e-01,4.996499670535907434e-02,1.320516333720616942e+00
1.238368988205035492e+00,5.561514703362128165e-01,5.394477322781934120e-02,1.307747507398984155e+00
1.238679369415398135e+00,5.557647476824927324e-01,5.659867205760331366e-02,1.311080702877701842e+00
1.228601278877261782e+00,5.652204512989096319e-01,5.789507231481083593e-02,1.321665799478167536e+00
1.205526481411918649e+00,6.413029399745174830e-01,-5.669268544499100199e-03,1.309529885685407624e+00
1.203476153948645599e+00,6.405710677604468106e-01,-2.935944292300544239e-03,1.305521955145558133e+00
1.195528568619739440e+00,6.472357312238254945e-01,-5.036713258425726952e-03,1.314641647811773728e+00
1.228616809113276753e+00,6.755561535309311250e-01,-6.820675974995304980e-02,1.265983772090288451e+00
1.230901332364246814e+00,6.721183932459074972e-01,-7.507571274635256586e-02,1.258894533145276329e+00
1.225715840485934516e+00,6.587649919252458464e-01,-8.028736860293776700e-02,1.259977470236172570e+00
1.223786741430870073e+00,6.607161228816074150e-01,-7.610540849978035538e-02,1.246507345735146099e+00
1.223181618233887713e+00,6.529440939966327795e-01,-7.644448633562633821e-02,1.242047014988370668e+00
1.219003591411444543e+00,6.571940512660162659e-01,-7.385747931042728476e-02,1.244311823973632158e+00
1.223850119275015302e+00,6.403283497819192149e-01,-6.400434549841352294e-02,1.256362332712542385e+00
1.222202400066906725e+00,6.458475041915255899e-01,-5.786029584208021020e-02,1.264055315087131204e+00
1.206430903798216825e+00,6.399816457965818994e-01,-5.957035461266755455e-02,1.264215330439202534e+00
1.135487809669118775e+00,6.509703907738597639e-01,-7.124437363130851908e-02,1.228851198578218895e+00
1.127175136600719441e+00,6.359432495214342174e-01,-7.012471068930868634e-02,1.217070668318900983e+00
1.120520409535620487e+00,6.278296619533814127e-01,-6.666368170228424705e-02,1.204676290060389565e+00
1.021716259391137527e+00,6.241768872023203407e-01,-1.250050724393252377e-01,1.180823119015846911e+00
9.778799060865489556e-01,6.364520788460072964e-01,-1.851760986535889442e-01,1.203526806545204497e+00
9.724125714138983634e-01,6.650370076424053645e-01,-1.564287772563722201e-01,1.191974623695342794e+00
9.729103963859836446e-01,6.557446238548280126e-01,-1.532725942973593991e-01,1.181557571150065433e+00
9.790018477121382734e-01,6.593420145566375457e-01,-1.486274283344765912e-01,1.178953660192882280e+00
9.754371018421961193e-01,6.590180460260823825e-01,-1.429789305134303024e-01,1.179207972010131833e+00
9.189317710311543097e-01,6.983252105730650694e-01,-1.668467355667495600e-01,1.237944129878388644e+00
9.130049861046284354e-01,6.989458789879579026e-01,-1.654626252804187458e-01,1.232875531687877224e+00
9.119117152120934655e-01,7.187556176007378061e-01,-1.936727699640346245e-01,1.173119603271267630e+00
8.781451459826516981e-01,7.262421272834502783e-01,-1.963158634224611565e-01,1.188553586483453550e+00
8.886758813798977252e-01,7.299071292275677303e-01,-2.018865764306469190e-01,1.185665699318056321e+00
8.857549454901217922e-01,7.273922485557663409e-01,-1.874998342682673014e-01,1.198245536528474764e+00
8.761112833593639460e-01,7.222527184367197872e-01,-1.867195143320717898e-01,1.204893256788246436e+00
8.442814086638171789e-01,7.708336277923740765e-01,-2.334649239208173022e-01,1.193490873741178460e+00
8.304928575594535678e-01,7.684285373148665998e-01,-2.312444127067374011e-01,1.175656162533091909e+00
8.351249564905462996e-01,7.544723040150530524e-01,-2.380252381009926033e-01,1.180636687715194366e+00
8.386231585955112866e-01,7.558720370414012679e-01,-2.405787948588778979e-01,1.179542234708499615e+00
8.316543292742378801e-01,7.597686674047260391e-01,-2.323786519306791920e-01,1.210407612518744180e+00
7.726958837826960469e-01,8.177338729396447237e-01,-3.322248475671830681e-01,1.208471750901439545e+00
7.784260977293943062e-01,8.373987298395646484e-01,-3.838293820439389048e-01,1.206679478396057270e+00
7.689220970839036884e-01,8.341994407156869684e-01,-3.945971681328060976e-01,1.215843215756092999e+00
7.664297182220480842e-01,8.340027517691941394e-01,-3.882090179318569145e-01,1.198533894595313898e+00
7.769137692423406794e-01,8.414181745661235556e-01,-3.855668298481841894e-01,1.198390473364490560e+00
8.589603535147766200e-01,8.690025796432665484e-01,-3.835749643104998108e-01,1.219147663329024134e+00
8.586951696657165733e-01,8.795338529978966591e-01,-3.809256144020465307e-01,1.236309163530637578e+00
8.585349669402178030e-01,8.703100905082270522e-01,-3.777361090930715926e-01,1.229802919459424881e+00
8.511132542020686254e-01,8.614344945407709231e-01,-3.909236076043893227e-01,1.225505493314385630e+00
8.525619593711626365e-01,8.636754687150336451e-01,-3.977975548922884075e-01,1.216246823717705761e+00
8.478977884443217317e-01,8.816732767173315333e-01,-3.928225136566354525e-01,1.214744063558409692e+00
8.448224397691113108e-01,8.866455603050935608e-01,-3.963247467360558329e-01,1.221058426393997420e+00
8.225853275853840518e-01,8.287476994567105626e-01,-3.496285670173823745e-01,1.251098409381791177e+00
8.255549726271301791e-01,8.230979041455838141e-01,-3.525731689763612620e-01,1.263534043885421232e+00
8.295713212533548653e-01,8.159634729245031082e-01,-3.546140831180977782e-01,1.259767418647983028e+00
8.290074375086453617e-01,8.131063602109460664e-01,-3.542289715722543031e-01,1.272241486925486997e+00
8.666561552767048093e-01,8.367776225383773969e-01,-4.355485269748968769e-01,1.232692299115442536e+00
8.682751891889065599e-01,8.412065002418688264e-01,-4.341046129873834536e-01,1.230485409412426456e+00
8.640610438529162662e-01,8.387380978165636103e-01,-4.248946561471930172e-01,1.227463572885286291e+00
8.626457272242907814e-01,8.384907423621723588e-01,-4.266080008887357944e-01,1.234816699580245425e+00
8.633537450670278890e-01,8.378243659653756836e-01,-4.164079531635860310e-01,1.249992635965848864e+00
8.943387797879698287e-01,8.479542082982385320e-01,-4.380526858000468593e-01,1.243815326468831639e+00
8.960911333524583799e-01,8.497803165395398928e-01,-4.486149960420733329e-01,1.245826681912987288e+00
8.934367435832567539e-01,8.557776274859087984e-01,-4.487449706030128826e-01,1.230362537062109407e+00
8.874225816140269840e-01,8.592401722141808085e-01,-4.523393363672514877e-01,1.225973509358103231e+00
9.661556683186326433e-01,8.459340727752033828e-01,-4.605632410120817366e-01,1.275274633980909345e+00
9.074392906132314751e-01,8.899973799680305220e-01,-4.849936841465191106e-01,1.230725538781278772e+00
8.988798102160331371e-01,9.190455255251567257e-01,-5.588313479129761729e-01,1.198831525160784839e+00
9.127262207974414787e-01,9.119282876648074909e-01,-5.556047749692151205e-01,1.196394865692741449e+00
9.135532962710121163e-01,9.200501758594070711e-01,-5.406602724228993795e-01,1.191408569203227685e+00
9.360347871025255229e-01,8.978439588555235940e-01,-5.239257615674027813e-01,1.248397159905894727e+00
9.850268307908064402e-01,9.381723068931490106e-01,-4.889495115313573503e-01,1.218787190163199252e+00
9.781750593253611958e-01,9.325642457714414801e-01,-4.886779776904292549e-01,1.214818349144820120e+00
9.712401402054260391e-01,9.330656704074752339e-01,-4.828311290765499586e-01,1.212809108699732574e+00
9.672783334868991778e-01,9.264076411060102600e-01,-4.917424858939586363e-01,1.206365041383409054e+00
1.055748123433886132e+00,9.095438574887858563e-01,-4.933125175992988387e-01,1.226451678359455899e+00
1.060072129104401739e+00,9.157566292654445439e-01,-4.903017961744294828e-01,1.223693013722785272e+00
1.048335489603132276e+00,8.858952717051216119e-01,-4.311012862116962441e-01,1.242104681193476390e+00
1.047448188586090012e+00,8.911838851335626144e-01,-4.449777428908194832e-01,1.249994428198558882e+00
1.042783181255945602e+00,9.041919063588571559e-01,-4.533233683921428225e-01,1.251741576454910909e+00
1.088296543008369976e+00,9.031520366465086713e-01,-4.893371917483119171e-01,1.290828540472909403e+00
1.088986066895291316e+00,9.046383880632631325e-01,-4.977488279026869300e-01,1.285593762947010221e+00
1.085418381447135427e+00,9.175743386297334769e-01,-4.950547585435859377e-01,1.275649279786227108e+00
1.082134503953649407e+00,9.172925726674239222e-01,-5.026181425266346148e-01,1.258224955076024498e+00
1.076452214321172329e+00,9.249947326253479263e-01,-5.093815418787617233e-01,1.260431690220254142e+00
1.074707206332077947e+00,9.216078199366243284e-01,-5.060163037308464951e-01,1.262397897358969789e+00
1.069132406949852010e+00,9.236168996573098644e-01,-4.939298969013693474e-01,1.247930416992051761e+00
1.059617308409436909e+00,9.205215923337219941e-01,-4.876718310077658991e-01,1.245646872939727423e+00
1.066615316475511221e+00,9.170979863843210511e-01,-4.917211146802495381e-01,1.246696532486836650e+00
1.067958661331348758e+00,9.063970401191140391e-01,-4.968044732468994140e-01,1.246215474212990948e+00
1.067159837727098770e+00,8.998538641930891036e-01,-4.968811442352234486e-01,1.236727277459119145e+00
1.081228459405711551e+00,9.119757131908255987e-01,-4.934714628640618495e-01,1.236681392902106325e+00
1.075251854370862459e+00,9.396313010832400003e-01,-4.961009200448221468e-01,1.138914683462588284e+00
1.075993826539509923e+00,9.448602160597069366e-01,-5.025555541765390766e-01,1.134555139346655306e+00
1.074915259526367128e+00,9.344907725064093285e-01,-5.011871507538565584e-01,1.121949185293891871e+00
1.078388487462590861e+00,9.471131011041828973e-01,-5.006593695587773230e-01,1.126494803785766052e+00
1.084394586162546137e+00,9.431810310766817196e-01,-4.998296495991349508e-01,1.113045272709885403e+00
1.096140751121191803e+00,9.443089455698379098e-01,-5.147109425057787568e-01,1.115599209852051743e+00
1.119218951036523579e+00,9.275297411671381553e-01,-5.560017891906795517e-01,1.104727957198926802e+00
1.118138826952292941e+00,9.351109400858215182e-01,-5.389962868056276113e-01,1.108713027986820254e+00
1.111656600330616307e+00,9.337287267863013662e-01,-5.353330803291499462e-01,1.106787370969706696e+00
1.110342536513269085e+00,9.302344306321146394e-01,-5.325996919238669136e-01,1.117002787399643537e+00
1.119813761976180766e+00,9.330157727063699280e-01,-5.388284955118449737e-01,1.097792031275117486e+00
1.147512609094100799e+00,1.009781143836837813e+00,-5.276696455166782762e-01,1.089375163713916628e+00
1.123695702090744541e+00,1.056116488136112253e+00,-4.859344304100309819e-01,1.191260084815880083e+00
1.134572787617522671e+00,1.070560996754500893e+00,-4.985439861721606136e-01,1.205307804338409783e+00
1.051574698050276924e+00,1.010971114967803342e+00,-5.885300075883388438e-01,1.231279749386934741e+00
1.113779889273073476e+00,9.838331219861488064e-01,-5.609334364196761902e-01,1.230351472026290471e+00
1.081611512395928676e+00,9.819443622595916965e-01,-5.928088472874303294e-01,1.234938114674714260e+00
1.114041136492331052e+00,9.051039362577877334e-01,-5.986968824569850467e-01,1.176016608095788563e+00
1.117188751746642339e+00,9.031563703591612979e-01,-5.943627690586724688e-01,1.181980927468765818e+00
1.125493956253253103e+00,9.028346942118098406e-01,-5.811242517763862692e-01,1.183105785445805580e+00
1.130166213797656694e+00,9.155495690827754052e-01,-6.033525589809413114e-01,1.187030348103648825e+00
1.132660911061247999e+00,9.067718912834916711e-01,-5.969829318442203547e-01,1.182555142976377649e+00
1.128227120127093697e+00,9.189656315210379400e-01,-6.025679066675456719e-01,1.173103798002828269e+00
1.075495055141500567e+00,8.924984465354730556e-01,-6.449857144239704576e-01,1.188579918695795712e+00
1.057399978756426773e+00,9.114866764556077694e-01,-6.267976853082904976e-01,1.230618975396152059e+00
1.068348680350100555e+00,9.158047853535857818e-01,-6.297213815954177951e-01,1.225033242179337956e+00
1.050438647685789650e+00,9.162753564713336241e-01,-6.313326484247825388e-01,1.218283783306806978e+00
1.043020034217569503e+00,9.298845326491089747e-01,-6.384885700852154233e-01,1.210072011785912505e+00
1.041634153151812736e+00,9.389806954704658093e-01,-6.453586416920101820e-01,1.215738212709474908e+00
1.037440256390367077e+00,9.463769468043258248e-01,-6.496656878615897357e-01,1.222616053089194965e+00
1.021841147951812134e+00,9.491691031521501953e-01,-6.445231465221330502e-01,1.222537203059120392e+00
1.027658372082656424e+00,9.290568469035382915e-01,-6.397541298151773193e-01,1.220873516927689417e+00
1.031042883637515839e+00,9.372612017033762344e-01,-6.265189895769931461e-01,1.187604374757778469e+00
1.022529559863029514e+00,9.413441384777729848e-01,-6.252487021326119665e-01,1.188753249686154145e+00
9.968669969072644355e-01,9.250487848352345610e-01,-6.023550282863987526e-01,1.176998385382153511e+00
9.842405477563539451e-01,9.320743064760598218e-01,-6.083421257798939941e-01,1.166583857756782416e+00
9.746590675249245939e-01,9.398446045137897054e-01,-6.147383158750889809e-01,1.167567087677493953e+00
9.776056532732727566e-01,9.348301063566346603e-01,-6.155416172032078803e-01,1.159715240233422762e+00
9.707620216467568453e-01,9.349502897170639537e-01,-6.188941894059825088e-01,1.180643501709184529e+00
9.698915704262051074e-01,9.324082066666031787e-01,-6.136414642351506465e-01,1.176942718598294135e+00
9.707112414266628742e-01,9.177702876543599730e-01,-6.079101910988369273e-01,1.170322862669807673e+00
9.706932209721281790e-01,9.123297733634043727e-01,-6.004007098670837150e-01,1.169839307878225432e+00
9.978076104763239362e-01,9.385944953397393764e-01,-6.403083441901307182e-01,1.148167216342140140e+00
1.006897957152356859e+00,9.343980301179961589e-01,-6.384403935526576923e-01,1.149995350192338339e+00
9.985990774196208397e-01,9.296374554666725354e-01,-6.305967293176106825e-01,1.161764918521596801e+00
9.959847493559439435e-01,9.231736147120674918e-01,-6.283297176577576915e-01,1.172138007057777376e+00
9.969350775340991566e-01,9.374429149952607787e-01,-6.203934301737720203e-01,1.179198180310940369e+00
1.004578182102576767e+00,9.231852353721351490e-01,-6.115053329359554368e-01,1.179350224709904138e+00
9.917725139554227631e-01,9.249722293239720505e-01,-6.198730061554786896e-01,1.174575939923259593e+00
9.927710159156335479e-01,9.331654827532523955e-01,-6.232086060161230456e-01,1.193242737063705761e+00
9.731817466084953239e-01,1.036772512047357653e+00,-5.847795438109910648e-01,1.199826922136589369e+00
9.729980334949730469e-01,1.032240001431480758e+00,-5.886430253548906588e-01,1.182595130646104664e+00
9.725989958500098620e-01,1.033631198945281549e+00,-5.984051874585417652e-01,1.205425827938528593e+00
9.663238126526676464e-01,1.033492158676159622e+00,-6.007042657088027537e-01,1.185081438271082366e+00
9.719599789584556504e-01,1.045189886175621696e+00,-5.877060264434234016e-01,1.185728579053534792e+00
9.837891504248266195e-01,1.055982861301718589e+00,-6.350422142731126929e-01,1.223383477088579419e+00
9.706501843101130733e-01,1.064137494606652634e+00,-6.193858656328155021e-01,1.222356685833664969e+00
9.640510728405926599e-01,1.064454262324958433e+00,-6.364232423070491640e-01,1.220638491789707736e+00
9.333514551018412542e-01,1.045908396994311040e+00,-6.125387066886207599e-01,1.214023822558889076e+00
9.438258134609789352e-01,1.044683394963737744e+00,-6.086489586706000932e-01,1.218120634623446552e+00
9.430333278834310828e-01,1.041107997166800470e+00,-5.954224769898206482e-01,1.201559212021931167e+00
9.484786547979925375e-01,1.034093165197453423e+00,-5.937166256172359269e-01,1.210456390135521199e+00
9.484490825646358925e-01,1.030539375982105987e+00,-5.988083071291350201e-01,1.202692188656313554e+00
9.431983157601953049e-01,1.036082941738616148e+00,-6.051895944424998675e-01,1.221811133673269989e+00
9.430962872237862449e-01,1.026214020166826835e+00,-5.981766962668605414e-01,1.220933485375720551e+00
9.373036979583443395e-01,1.026525974278851727e+00,-6.001703928672846855e-01,1.218837423028118705e+00
9.637633482574705646e-01,1.004336289775268565e+00,-5.855463097102767689e-01,1.204122375483311691e+00
9.943561597432043486e-01,1.001048879229690103e+00,-5.479934898564656764e-01,1.224420334201911320e+00
9.834408673848566984e-01,1.008256261821534050e+00,-5.417241192179699238e-01,1.220302727022628320e+00
9.849304061409798194e-01,1.010805347369066798e+00,-5.363818499137105178e-01,1.222924722414538978e+00
1.048674728015835722e+00,9.566782011978641753e-01,-4.811228497942083293e-01,1.228229500286712295e+00
1.047225967022240134e+00,9.508811619856335495e-01,-4.870560449742299958e-01,1.230145824899142371e+00
1.052473464982335516e+00,9.538617453671661695e-01,-4.780180105991065909e-01,1.217878464268330463e+00
1.037711777153891957e+00,9.746258826480129756e-01,-5.125492590205735777e-01,1.210052937953045582e+00
1.079673781311943470e+00,9.416946377797579260e-01,-5.099051899603094240e-01,1.191726667082859015e+00
1.080783142141173103e+00,9.380986338363072052e-01,-5.167208819014946775e-01,1.167799798351188745e+00
1.080020205544398371e+00,9.361835058651881702e-01,-5.129627785229698977e-01,1.175445410325316020e+00
1.078404546723715995e+00,9.393137698997658935e-01,-5.091437032595282908e-01,1.163574181014366493e+00
1.084752805104057582e+00,9.302420796913073442e-01,-5.029421493916654828e-01,1.164879759277405835e+00
1.078615619688428673e+00,9.499884875861023259e-01,-4.920424337238275547e-01,1.163198866501327089e+00
1.070616339263143812e+00,9.386620258416165097e-01,-4.905446478655079434e-01,1.149102523790986430e+00
1.082538101135930519e+00,9.401356158162379462e-01,-4.922884669514082656e-01,1.154939727150400497e+00
1.075685096394503049e+00,9.390252544167618787e-01,-5.125699104451133525e-01,1.139615837770754148e+00
1.071780481265416363e+00,9.330019922301191482e-01,-5.106044244546008581e-01,1.134433878984572930e+00
1.076289446442957543e+00,9.325462420232847327e-01,-4.983018789003273441e-01,1.145635127547170784e+00
1.077531667574347152e+00,9.287186009683923160e-01,-5.074616575165058485e-01,1.144145985524705589e+00
1.065132042343420071e+00,8.859823625703714400e-01,-4.338999232080207880e-01,1.132248642580484743e+00
1.118292812083852894e+00,9.585894478521033157e-01,-4.585009938530018037e-01,1.160353416730560250e+00
1.092137528040570960e+00,8.741025581930325083e-01,-4.594803584927626416e-01,1.203469416526138591e+00
1.095201194250310150e+00,8.182175080440865500e-01,-4.515631721942165999e-01,1.252580699812695597e+00
1.086603618603315002e+00,8.194654893465785905e-01,-4.406696431509055656e-01,1.246594087603123846e+00
1.088107914494590434e+00,8.141511310030234982e-01,-4.573495614387566577e-01,1.256145398287784376e+00
1.092009240124868441e+00,8.135062165008747348e-01,-4.574259902709377767e-01,1.279269246770678103e+00
1.096094314187494367e+00,7.988816288137650101e-01,-4.657172702282105781e-01,1.268709230242986763e+00
1.087720676765012273e+00,7.936658813335698559e-01,-4.669861270666026964e-01,1.262754276307934020e+00
1.095939075268990148e+00,8.042605849832761278e-01,-4.695587669508292095e-01,1.250044968914945764e+00
1.091782686014589610e+00,8.043093446849493011e-01,-4.552722876413763387e-01,1.244656961505918424e+00
1.027717281568196084e+00,7.888008070379519676e-01,-5.475448849166102416e-01,1.262096270464936998e+00
1.027634280570341341e+00,7.679582877921807826e-01,-5.507783518656080846e-01,1.255068047509998008e+00
1.054559032672407692e+00,8.568967478328057830e-01,-5.524339155128931145e-01,1.255196479040137980e+00
1.040327729679797919e+00,8.634207044763125838e-01,-5.524756812393779581e-01,1.236624997881909716e+00
1.045735703427512764e+00,8.761903470582412812e-01,-5.621278469770262243e-01,1.259926590196023932e+00
1.057080261333182669e+00,8.712499995103583084e-01,-5.571744751947239616e-01,1.256534977686831533e+00
1.050307683551411131e+00,8.731204005576989058e-01,-5.546388914009551252e-01,1.260083724333533217e+00
1.059296923441448435e+00,8.806274317924372985e-01,-5.576122117558298674e-01,1.258361540269266055e+00
1.050709794250156426e+00,8.601809020322324084e-01,-5.454558702221397049e-01,1.205102265293195973e+00
1.053909176952206872e+00,8.576193015822145549e-01,-5.532034176717421925e-01,1.206821328524977144e+00
1.060174202211482841e+00,8.657700389663344209e-01,-5.506409442953560385e-01,1.210040160712093416e+00
1.064696735348277246e+00,8.646180475801537035e-01,-5.481218555481306431e-01,1.205459855505037758e+00
1.076228263354088055e+00,8.700929780536906799e-01,-5.433616760709804039e-01,1.208316775931487008e+00
1.074615872799686400e+00,8.738265277099355188e-01,-5.490783544384946202e-01,1.217572078577499273e+00
1.119078795854418162e+00,8.916593788317181968e-01,-5.359551532241184635e-01,1.242466238976297488e+00
1.120429593334905105e+00,8.892041080437281808e-01,-5.381577133940111946e-01,1.236637064110041040e+00
1.131619228953036460e+00,8.795790294442097368e-01,-5.327323440531459564e-01,1.232456179535511565e+00
1.124284887486363571e+00,8.736562735279620462e-01,-5.208328766742200688e-01,1.224559066257945972e+00
1.093892436647761146e+00,8.972872001479312853e-01,-5.501571474377734416e-01,1.229854859265304023e+00
1.094473313514705337e+00,8.980864800915551172e-01,-5.311954131011920044e-01,1.225431124051853393e+00
1.096739721403249934e+00,8.906527375433049842e-01,-5.378332931051784671e-01,1.229410347427767780e+00
1.091057831847752846e+00,9.008943358739575080e-01,-5.240600155428534190e-01,1.251696816249634026e+00
1.103841728884929152e+00,9.035304628010518702e-01,-5.245912604866729279e-01,1.256398754675001950e+00
1.111684389414970608e+00,9.142219926982430023e-01,-5.198906114265466893e-01,1.254651750405876953e+00
1.108419947532937710e+00,9.193716236362073913e-01,-5.209055002363243148e-01,1.238637269829806264e+00
1.102319582173759249e+00,9.244142673005044664e-01,-5.130059466640123356e-01,1.249733619310166022e+00
1.097951263450387627e+00,9.324250924576170663e-01,-5.095211018902254807e-01,1.244731374876896224e+00
1.100372488458846609e+00,9.311950109775362083e-01,-5.163034691562387035e-01,1.233179072455300007e+00
1.084433199985434859e+00,9.311511897480602151e-01,-5.129514663315088985e-01,1.241426592893818626e+00
1.090435316717166536e+00,9.527316272549942733e-01,-4.994026757804792549e-01,1.263825393981637957e+00
1.094648099083322057e+00,9.562562078489155182e-01,-5.023298990697142585e-01,1.248427070128902416e+00
1.088780661191582011e+00,9.589528690519203424e-01,-5.012310772000528880e-01,1.238950238743001142e+00
1.087014972196210350e+00,9.510064956636783418e-01,-4.944108777491302287e-01,1.262137011633270856e+00
1.087807178355568283e+00,9.523693304094764667e-01,-4.889291030018013129e-01,1.266816198182902253e+00
1.199222090830738718e+00,9.024980050756111760e-01,-4.554953507505259958e-01,1.285265510755656759e+00
1.202881671903262895e+00,9.028153171791423182e-01,-4.532224955749167838e-01,1.285378609658730076e+00
1.202140424754287507e+00,8.913141535439869090e-01,-4.461098085153188397e-01,1.280888036621042003e+00
1.122368517900392382e+00,8.455691285898265797e-01,-4.617059154101364471e-01,1.276048181106022472e+00
1.134235736525568639e+00,8.442457951679652739e-01,-4.614623336438507528e-01,1.281835448060737237e+00
1.133588180416694513e+00,8.404422616224409559e-01,-4.683823346304127888e-01,1.264237578048974520e+00
1.122193983144093909e+00,8.155437033726987694e-01,-4.988706203015420559e-01,1.259003162556218136e+00
1.117655239402489453e+00,8.241024486460750698e-01,-4.642668664138316914e-01,1.267700230515955484e+00
1.114409797560771853e+00,8.242493794413096042e-01,-4.589879534694681906e-01,1.261687076723534418e+00
1.056777327160981272e+00,7.998948333129421995e-01,-4.660319418473063413e-01,1.165761441305612989e+00
1.038838709700425245e+00,7.897397043519448490e-01,-4.978924833419514084e-01,1.154124144502717941e+00
1.036655670516113403e+00,7.791953239854021440e-01,-4.943792882600306360e-01,1.149866787338523988e+00
1.035096599429971453e+00,7.793701346989998502e-01,-5.002633556807650761e-01,1.151021245421041561e+00
1.099750356507670723e+00,7.869153811701937729e-01,-4.904301872825827524e-01,1.130425022147529379e+00
1.099767185958931970e+00,7.803504038022612832e-01,-4.836185732006760829e-01,1.127118585798484007e+00
1.101265302199467389e+00,7.774663711971551150e-01,-4.889691465211196131e-01,1.124134697324737475e+00
1.108961784073684065e+00,8.578656301311566867e-01,-4.740759373699687251e-01,1.111781432029679051e+00
1.097392724715356538e+00,9.387484592777118886e-01,-5.489525584230755539e-01,1.091311035821947550e+00
1.101392301185744715e+00,9.370164361219677218e-01,-5.507771699490140449e-01,1.065704372424140622e+00
